Wall time,Step,Value
1774356828.4122071,0,0.2238926738500595
1774357842.6225574,1,0.20119701325893402
1774358954.1371682,2,0.19057892262935638
1774360114.1672304,3,0.18392033874988556
1774361260.6541243,4,0.17850340902805328
1774362531.9782696,5,0.17455583810806274
1774364001.2371397,6,0.17136387526988983
1774365134.1628003,7,0.16816341876983643
1774366114.8899689,8,0.16552306711673737
1774367094.9443681,9,0.16222034394741058
1774368073.9421902,10,0.16116641461849213
1774369073.616328,11,0.16103439033031464
1774370374.112187,12,0.15696580708026886
1774371509.3274739,13,0.1538684219121933
1774372662.467878,14,0.15282689034938812
1774373721.6322827,15,0.15302424132823944
1774374697.0330806,16,0.1501145362854004
1774375670.5796752,17,0.14846737682819366
